TotalPower_AccelX,DominantFreq_AccelX,TotalPower_AccelY,DominantFreq_AccelY,TotalPower_AccelZ,DominantFreq_AccelZ,TotalPower_GyroX,DominantFreq_GyroX,TotalPower_GyroY,DominantFreq_GyroY,TotalPower_GyroZ,DominantFreq_GyroZ,MovementID,MovementLabel
0.048571936953044605,2.8125,0.3384281073737715,1.875,0.18695332940798554,6.875,764.5975632901811,2.1875,92.06572806987431,6.25,8.1534730988671,1.875,0,idle
0.10459049127458897,0.625,1.810356286782397,0.625,0.11519560877835498,0.625,2795.6084674741173,0.9375,144.15847247049422,0.9375,32.94718027052967,0.9375,1,idle
0.3057562606674635,0.3125,1.3276499212485522,0.3125,0.10225727215917416,1.5625,5429.3455493303745,0.9375,480.896289728827,0.9375,38.49470603628748,0.9375,2,idle
0.12043954098767028,0.9375,0.06215089441274216,1.25,0.008517994846991185,5.0,276.05358238228183,1.5625,275.8299944144416,1.25,32.5235244728823,2.1875,3,idle
1.8535428893674453,0.625,0.8361952376115431,0.9375,0.3396171568180353,0.9375,1383.9868128466758,1.25,5716.0634604364905,0.9375,663.7527958418065,0.9375,4,idle
0.4634392168686795,0.3125,0.03819486073849578,0.9375,0.023187929881754294,5.0,314.01722384124076,0.625,1700.1698854367091,0.625,7.80083699228257,0.3125,5,idle
0.03413238398977419,5.0,0.04676454770770731,1.25,0.02664730894832568,3.125,74.46204242639988,2.1875,22.08070676970307,3.4375,8.17886365319232,3.125,6,idle
0.17866928397746856,0.3125,0.021358378804998156,0.9375,0.09176249386468516,3.125,92.77549211801123,0.9375,1251.7304111576436,0.9375,47.15421351180412,1.25,7,idle
0.4885310756487699,0.9375,0.06993275254260933,5.0,0.10015007192254549,0.625,771.7906966110977,1.5625,1171.088398188329,0.9375,47.707789385873554,3.4375,8,idle
0.06405653339721804,0.9375,0.023737018160555453,1.25,0.07998290800231597,3.4375,78.45868013546684,0.3125,116.15671382568655,0.9375,34.09485397993629,2.8125,9,idle
1.2624986927382154,0.625,0.04186062618874281,2.5,0.19663462605948948,2.8125,134.06336202401286,1.25,2129.488723216173,0.9375,48.4082857720554,0.9375,10,idle
0.8938321767454525,0.9375,0.036907496276258285,5.0,0.031750810630150735,5.0,87.854611381421,2.1875,944.1045292702945,0.9375,53.81716850565822,0.9375,11,idle
0.8426827847403412,0.9375,0.04511676538006793,0.9375,0.11768189552003987,3.125,99.63210569884951,1.5625,2026.364875003941,1.25,87.09211000505283,1.5625,12,idle
0.8420962859589294,0.9375,0.06997413188199351,1.25,0.17856812753322612,5.0,304.0911917920024,2.5,2227.1698967188745,0.9375,124.97880746504435,1.25,13,idle
0.08312925694282954,0.3125,0.02751171059386948,0.625,0.018255910060411086,4.0625,76.3110565250497,0.9375,470.84934073031854,0.9375,7.965692579977306,0.9375,14,idle
1.3257902086086755,0.9375,0.10060078077970779,3.4375,0.1143307057562878,3.4375,36.52780055431399,0.3125,4639.048602859887,0.9375,214.0948672908816,0.9375,15,idle
0.0019481567648323072,0.9375,0.036725209728176465,1.25,0.005619554729268101,5.0,112.71137383988719,1.25,2.837628896860952,4.6875,1.3850971713184634,2.8125,16,idle
0.8174026116560652,0.9375,0.028126946327563792,0.3125,0.022183724360515057,3.4375,46.7852073454526,0.9375,1734.8610634063004,0.9375,79.39184084451831,0.9375,17,idle
0.0016288484529506538,0.625,0.00957826047001563,0.3125,0.004971221776908009,1.5625,23.78343734641921,0.9375,64.48586316052378,0.3125,1.8900346471011757,0.3125,18,idle
0.4567051032590514,0.9375,0.023612312663923874,1.5625,0.043177812947497105,2.8125,200.14777174219032,1.5625,555.7016996295596,0.9375,22.286093015792055,1.25,19,idle
1.8232478217202375,1.25,0.018597712362869806,5.0,0.25881927809939903,5.0,44.166229384336454,3.125,671.4196571200647,1.25,43.05718240232464,1.25,20,idle
0.21534977300733577,0.9375,0.008891449279367903,0.625,0.03576494987452309,3.75,52.19164126703121,1.25,584.5506213144961,0.9375,5.7035627039031,1.25,21,idle
0.9391520184081791,1.25,0.17910764663241222,2.5,0.26151616645196285,1.25,110.45224203754172,1.5625,1675.9832178930073,1.25,204.20628794101853,1.5625,22,idle
0.0059278841316128435,0.9375,0.009943387716223991,1.25,0.09826992549033622,2.1875,2.5204535406117725,2.5,32.72496720570945,1.25,2.9507199164193376,2.1875,23,idle
1.593167335634488,0.9375,0.009734477622184257,3.4375,0.06229455227517803,1.25,57.81890463373422,3.125,4285.353089111027,1.25,47.39418748344723,1.25,24,idle
0.2449026719224286,0.9375,0.05473581836283256,3.4375,0.006836266844750135,2.5,94.99229500386265,2.1875,440.46472904587944,1.25,14.021454283549279,1.5625,25,idle
0.3778025441920054,0.9375,0.0315080378688691,1.25,0.02207252756863612,1.25,42.671924842580104,1.25,537.1217528076223,1.25,14.818557582856883,1.25,26,idle
0.006932282548425178,2.1875,0.00751966925877619,0.3125,0.005074442680385861,4.6875,5.760304557425848,0.9375,22.36654932896111,0.3125,2.099190418996866,0.625,27,idle
0.743620308165236,0.9375,0.18742733067991582,0.9375,0.04584320906868079,1.25,794.5331682418117,0.9375,1424.146136706465,1.25,66.47080724094909,1.25,28,idle
0.2695427869154439,0.9375,0.024336027441111508,1.25,0.06371646864979004,1.5625,55.32410632289935,1.25,379.3307197351002,0.9375,34.36034472216928,1.25,29,idle
0.12619728284551537,0.9375,0.08389359313980363,3.75,0.14316179833651546,3.125,94.82442211022114,1.25,184.41566717959188,1.25,17.792855034171478,1.5625,30,idle
0.0417418426640931,0.9375,0.003701159511363339,3.4375,0.025892975581473125,4.375,68.19971280083307,4.375,99.73489039693825,2.5,3.414702778536723,2.1875,31,idle
0.005421235045242861,4.6875,0.002212610468122163,1.875,0.008085661839728649,1.5625,4.496641433043618,2.5,51.46701445809936,2.8125,2.0232392320788737,0.9375,32,idle
0.001466086029153634,0.9375,0.0016843272545346967,1.875,0.0026612392855868074,1.25,8.22610368634995,2.5,8.314199619159533,0.9375,0.629632068429818,2.1875,33,idle
0.001991068272542648,1.25,0.01306909304691061,1.875,0.001870257084055939,1.5625,6.726601006920556,1.875,25.795447187163894,1.5625,1.802712592304776,0.9375,34,idle
0.004694775597382048,0.9375,0.007181314880592674,1.875,0.015175855612232298,4.0625,4.4889156025015415,1.875,15.173526866057001,0.9375,1.1016296828881793,1.25,35,idle
0.02439894927941388,0.625,0.007278422017257298,5.0,0.048163728889830414,5.0,15.15485441510833,0.9375,178.06999508477375,0.9375,0.9926663344608695,1.25,36,idle
0.16677545967278154,0.9375,0.008783230550680976,0.3125,0.009134763901683166,5.0,38.3652418684829,0.9375,263.2733585540952,0.9375,12.103360608022884,2.1875,37,idle
1.5805407031639676,0.9375,0.021918052612558532,0.9375,0.17019864970656098,4.6875,83.94493328372062,0.9375,2244.387410790424,0.9375,33.599381215823605,0.9375,38,idle
0.05520830717812846,0.3125,0.0030765017715201517,1.5625,0.017465905236487014,1.5625,4.833509970715351,4.375,132.86760659312134,0.3125,8.874006658220079,0.3125,39,idle
0.7295076793421911,0.625,0.015360155330703243,0.3125,0.027629642697873172,0.3125,26.478306095654084,0.3125,2010.3718658221335,0.9375,64.73369387071195,0.9375,40,idle
0.015678865437202063,0.9375,0.0023834521767868663,0.625,0.008740896516054173,0.9375,6.834814455359917,3.125,7.938970482921409,0.3125,1.3317038357275681,0.9375,41,idle
0.12288115089628356,1.25,0.6223569601246295,0.9375,0.08863939586035986,0.9375,509.37474923929847,0.625,104.66171691602769,3.4375,72.66208635876332,1.25,42,idle
0.055762287237979394,1.25,0.5693856540630067,0.9375,0.1381409495560853,0.9375,1109.2524479692593,0.625,151.82702832966103,2.1875,72.88791369593118,0.9375,43,idle
0.0026846225101950206,0.3125,0.010062016277479211,1.875,0.00577412713317581,5.0,161.3657735902817,0.625,8.61471665577034,0.9375,0.9555897510875896,0.625,44,idle
0.005654719199474182,1.25,0.5679738101306866,0.625,0.14797271059882505,3.75,1884.4538757823552,0.9375,33.09134207501591,0.3125,79.12225203857271,0.9375,45,idle
0.0041890264930522225,0.3125,0.08540370654238919,0.625,0.02661821205657929,5.0,145.85612275602648,0.9375,13.269668761436302,2.5,6.723223298071186,0.9375,46,idle
0.07866276945768444,0.9375,1.2541426094292047,0.9375,0.07776397839399553,0.9375,2488.3192018202194,1.25,153.55669626772425,1.5625,125.7626535145107,1.25,47,idle
0.07462608230287908,0.3125,1.0480703215697278,0.625,0.16507776752608608,0.9375,4311.836326923606,0.9375,253.71041302780978,1.25,135.88199785086644,1.25,48,idle
0.022639860863679116,0.9375,0.01696307670646809,0.625,0.039213383746274234,3.75,60.88572668767238,0.625,38.021706140855684,0.625,4.929382766180778,0.625,49,idle
0.11593742327488278,0.9375,1.4184282313904513,0.9375,0.11539236081034686,0.9375,2537.4547255955417,1.25,138.3938660473099,0.9375,64.93228591261217,1.25,50,idle
0.0018238825271442063,2.5,0.03933160673762642,0.3125,0.03994937884614483,0.3125,180.39968987967222,0.625,9.926702065279565,0.3125,6.741302937016029,0.625,51,idle
0.01702389084544145,0.9375,0.020795904100821803,0.9375,0.013862454747938282,1.875,122.02876801236395,1.875,83.60457308200267,1.875,21.70375609224876,1.875,52,idle
0.0013738455857983424,0.9375,0.0034206380704722285,0.625,0.010814568623862797,2.5,40.39772988219609,0.3125,3.076423877248926,0.625,1.7085050722018054,0.3125,53,idle
0.014382323724892702,5.0,1.0130274659271699,0.3125,0.16191830973433108,0.9375,4081.0825615110457,0.9375,71.90668427974289,1.875,26.5236275680269,2.1875,54,idle
0.0028252059160507968,0.9375,0.019303411467344146,0.9375,0.0016678269396856347,0.9375,97.9070157356381,1.25,3.530029814553564,3.125,1.0170434416461596,1.25,55,idle
0.009073207070594131,0.9375,0.17096570817521572,0.9375,0.019672567746342035,4.0625,699.082963608934,1.5625,44.30468841659535,1.5625,2.704432017525792,2.1875,56,idle
0.009917206575746868,0.9375,0.05048333941809495,0.9375,0.018450633807147704,5.0,36.332591123316284,0.3125,39.77716523597341,0.9375,4.1722038365115095,0.9375,57,idle
0.006649898583443019,0.9375,0.009419114611856865,0.9375,0.0052917283343039195,3.75,15.248426705901203,3.4375,3.095357810177729,0.3125,1.4845206542846234,1.25,58,idle
0.0439644687833082,0.3125,1.0364531782682698,0.625,0.010165171321767356,1.25,2675.613793999517,0.9375,100.53708758478564,0.9375,6.6798224910847495,0.9375,59,idle
0.002439638001580555,1.25,0.010499511791311205,0.9375,0.007093537484861002,1.875,80.44769655689008,2.1875,5.947938070850579,1.875,1.006949355564136,2.8125,60,idle
0.0004535535592741436,3.125,0.029259013802406725,0.9375,0.010881583653439485,5.0,75.917554018758,1.875,3.3057992994331213,1.875,1.0104112834594836,0.3125,61,idle
0.0058947886806511845,0.9375,0.05933483516166518,0.9375,0.007539850728146829,5.0,131.90560767004175,0.9375,29.669426653955956,1.875,0.6939639869488257,0.3125,62,idle
0.00778217392518514,0.3125,0.097171225721121,0.3125,0.008111158312315306,1.5625,398.24297395931,0.9375,13.027966607459632,0.9375,1.9407353417123723,0.9375,63,idle
0.004392737699610031,0.9375,0.3130990621814066,0.9375,0.0070262292070403486,0.3125,148.96739456375673,0.9375,16.658331831877977,2.5,3.685040001476593,0.9375,64,idle
0.007443974648997867,0.9375,0.10594802315418518,0.625,0.021524730619754486,3.4375,243.27549577277492,0.9375,6.601053907501255,1.5625,15.659585260449298,1.25,65,idle
0.016257274801878732,0.625,0.44993925531148143,0.625,0.008915452808009932,2.1875,649.1546928876794,0.9375,30.183836104380116,0.9375,7.54031728957685,0.9375,66,idle
0.0010073968266036944,2.5,0.0022166748577750837,2.1875,0.00499423623968601,4.0625,9.427268564882239,2.1875,1.5753801347077627,5.0,0.34891383454638847,1.25,67,idle
0.23209212255345474,0.9375,0.05437925986847519,0.9375,0.0703205497453761,5.0,137.5978180065323,1.25,514.505654294635,0.9375,24.838712990792004,2.5,68,idle
0.9972115864262029,0.9375,0.08723347101945882,1.25,0.459532439400008,1.25,227.68856716122386,1.25,3015.190442390051,1.25,24.903076988804894,2.1875,69,idle
0.2604512194192444,0.9375,0.028427703664300637,3.125,0.31057481779381024,5.0,122.22815440784142,3.4375,427.3794471274614,2.5,10.078422408631898,0.9375,70,idle
0.336350530006025,0.9375,0.04788517138480322,3.125,1.0814822713999839,3.125,150.30072413793266,2.8125,343.07731439516,0.9375,38.72702122821639,3.125,71,idle
0.007811462581424198,0.9375,0.005619489956808944,0.625,0.02058349044750664,5.0,24.8130934245332,1.25,41.46347516875689,0.3125,1.7336349531262023,1.5625,72,idle
0.6662516551945711,0.9375,0.047288654076307696,0.9375,0.10096713854555497,2.8125,137.58279474798505,2.1875,1378.3238559243978,2.5,33.71096023924931,0.9375,73,idle
0.008065899386611283,0.3125,0.007177740012748953,0.3125,0.006863108952957366,4.6875,5.842778678147502,2.5,19.367258019018493,0.9375,2.2496287634076886,4.6875,74,idle
1.0445176402183944,0.9375,0.02849676326876282,0.9375,0.0911947213696951,3.4375,24.900087995483112,0.9375,1029.9961376807782,0.9375,38.11724334523821,3.75,75,idle
0.02214891036147912,0.9375,0.002772294031768471,0.9375,0.018347397410048174,1.5625,12.10937388419007,1.5625,55.185200615938655,0.9375,1.5942964898865093,1.25,76,idle
0.6196862261871938,0.9375,0.03441206070840269,5.0,0.05163878549162933,0.9375,37.26303236239438,0.9375,472.69759227109074,2.1875,22.913482436570106,0.9375,77,idle
0.7892221074840636,0.9375,0.043146217204906134,0.9375,0.1425057232223712,4.6875,110.27612519770948,5.0,1036.2277670416004,2.5,50.37413548047938,0.9375,78,idle
0.6698227409875435,0.9375,0.019097332895292734,5.0,0.011099028858751513,2.8125,48.16337402664587,1.25,4530.392599769496,1.5625,149.14457289094224,1.5625,79,idle
0.016296107997122215,0.9375,0.0031822612582612323,5.0,0.007532028549314901,0.9375,14.580052231585945,0.625,14.225474121065798,3.4375,2.3757944207910278,1.5625,80,idle
0.005948330194544702,0.3125,1.3791028598983988,0.9375,0.11000695311744993,0.9375,959.5110720234752,0.9375,107.95342397699007,0.9375,13.029986034728799,0.9375,81,idle
0.05810798276549616,0.625,1.202346151204945,0.9375,0.06099908303483643,0.625,1326.1086375022887,0.9375,78.85236280289861,0.9375,36.93955017784927,1.25,82,idle
0.015487583930511235,0.9375,0.30572689803611697,0.9375,0.017350099665970817,0.9375,739.4577639436809,0.9375,54.26038431620516,0.9375,3.6095761048372674,0.625,83,idle
0.005060539717123532,1.25,0.22290535799607356,0.9375,0.028918677856479547,0.625,1593.4305484465149,0.9375,46.95401120461345,0.9375,5.0811927193588255,1.5625,84,idle
0.012456490971403486,1.5625,0.11835239903085605,0.3125,0.014524184933731345,3.125,602.3732936862943,0.9375,25.82201779551268,0.9375,3.5800879898654396,1.25,85,idle
0.2790729231653956,0.625,0.01706819144835398,0.9375,0.03307126628753103,3.75,52.84162363494841,1.5625,1582.096742729708,0.9375,39.192969330733504,0.9375,86,idle
0.6775613712512396,0.9375,0.04677190575139977,0.9375,0.10708591759416501,2.5,175.974444532461,0.9375,1373.8507562922114,0.9375,45.343735152511464,0.9375,87,idle
0.018066517664520814,0.625,0.007799861096374881,5.0,0.016495589220241712,1.875,19.393144076861034,2.8125,51.227014187696795,0.3125,2.7780851603066457,0.3125,88,idle
2.0101204371797743,0.9375,0.019656599309574557,0.9375,0.19948562570422623,5.0,99.07248290460677,1.25,4074.2695900610374,1.25,241.65946507689776,1.25,89,idle
2.4728156381762045,0.9375,0.08063576324354535,0.9375,0.2283238979022685,4.6875,204.48796651268765,0.9375,5533.96056515402,1.25,415.9974103984738,1.25,90,idle
0.004707378524078121,1.25,0.015625132484329445,0.3125,0.00406665486069245,0.625,288.71389507436504,0.9375,10.110564788218639,2.8125,1.2304816302145445,0.625,91,idle
0.020841695140135823,1.25,0.8122800344310297,0.625,0.030896831631434123,1.5625,3723.970584290794,0.9375,107.43331628465707,3.4375,53.67651921338573,1.25,92,idle
0.03889004093531864,3.4375,0.828964485361966,0.9375,0.08662922511640085,0.9375,2074.9599593068497,0.9375,127.42868381035788,2.5,5.173678323367031,1.5625,93,idle
0.27977291598952125,1.25,3.122192825265581,0.9375,0.020737798762930696,0.9375,8498.236886638824,1.5625,1001.4799406845302,1.5625,128.4866878639564,1.5625,94,idle
0.12767262394409482,0.9375,4.7978044174230705,0.9375,0.10614059130091304,1.25,8151.212503293189,0.9375,105.80164479606638,1.25,12.86300117494684,0.9375,95,idle
0.005007829213807184,1.875,0.012068204317989606,2.5,0.01763238213139624,5.0,92.08319587971658,2.8125,10.046015403512655,2.8125,2.1189258772971096,0.3125,96,idle
0.15011322756232928,2.5,1.6337804832971883,0.9375,0.06388673127918619,2.8125,1679.3400706788955,1.25,118.46752260108683,2.5,279.99898914650873,1.25,97,idle
0.26686292296373093,0.9375,3.408634178946783,0.9375,0.11105575083771584,4.6875,8636.988504823088,0.9375,712.0050181511707,1.25,211.59232864609663,1.25,98,idle
0.17483288416770335,0.9375,0.7048425945352051,0.9375,0.12031517001134888,0.625,1947.0771460927162,0.9375,1284.4449312392821,1.25,350.74779254188013,1.5625,99,idle
0.2094074236938812,1.25,3.9773208368930244,0.9375,0.3756431526711303,0.9375,10220.466369709287,1.25,227.66262626701385,1.25,146.80050323886445,3.75,100,idle
0.06515194738171397,0.9375,0.7546097467596296,0.9375,0.07228753592432906,0.9375,3291.864816771667,1.25,134.919730039845,1.25,30.88268907553543,0.9375,101,idle
0.6236610482800161,1.25,2.9353255271972674,0.9375,0.1364107976251366,0.9375,6675.016327505414,0.625,760.6874257577068,0.9375,147.65846281847396,0.9375,102,idle
0.006726454298294374,2.1875,0.0138912057666386,2.8125,0.012737125301749917,4.375,51.27297426200325,2.8125,3.9617146980259332,0.3125,1.4981106705285476,2.1875,103,idle
0.05139371239731903,0.9375,1.232618727712367,0.9375,0.06511648848831446,0.9375,1590.7184611638813,0.625,46.38197696946988,0.625,22.46610896637565,1.25,104,idle
0.15369905439387074,0.3125,1.0695702366698132,0.3125,0.06819327389101697,0.625,1983.7831081523677,0.9375,364.0195846833933,0.9375,16.57774076128336,5.0,105,idle
2.302095818334526,0.9375,0.045662268975451586,0.9375,0.35869682853162205,1.25,168.73956152619195,1.25,4649.622471496756,0.9375,94.125910364065,1.5625,106,idle
2.4495351274536277,0.9375,0.061992920940432544,1.875,0.24645751808226393,1.25,258.48907794136585,1.5625,3142.2582911893187,0.9375,26.611970152865926,0.9375,107,idle
0.0020999951422866637,5.0,0.0013949904082472503,4.375,0.017903918449250836,5.0,26.73178238294023,0.3125,14.397907597033067,0.9375,0.515589448185941,2.5,108,idle
2.9506360539445198,0.9375,0.08101522082737879,4.6875,0.2448177021979015,0.9375,129.79646685813006,0.9375,2922.431634275407,0.9375,48.0236601957502,1.25,109,idle
6.202047088613169,0.9375,0.07800481872934398,0.625,0.26968489568316395,0.9375,410.54650488286387,1.25,17674.053937146575,1.25,156.4387468416465,1.5625,110,idle
0.07740996747267219,0.625,0.037298263480993445,4.0625,0.04136071874461082,1.25,31.665609182717347,2.8125,1207.6791722241605,0.625,19.17997885866057,0.625,111,idle
0.3986348741236751,0.625,0.006805098880994357,0.9375,0.014227091448826761,0.9375,22.539998895961567,0.9375,876.4449549190435,0.9375,20.628339950188153,0.9375,112,idle
0.4317786267156712,0.3125,0.0033056757878156006,2.5,0.1113836562261191,3.75,34.67629534373636,3.75,1829.3376614897531,0.625,14.229993532781618,0.9375,113,idle
1.8966337262112933,0.9375,0.07260853357799468,3.125,0.13914803028330433,4.375,86.93541739504002,1.25,4859.294875724078,1.25,256.3332813266997,1.5625,114,idle
1.4233123606416922,0.9375,0.03616799198800322,0.9375,0.0310077742304677,1.25,143.1833287293175,0.9375,2416.246860449131,0.9375,69.81794762684193,0.9375,115,idle
0.04484258440435733,0.625,0.011544630147955818,0.9375,0.010683445662563955,5.0,42.59699945732211,0.9375,554.0684228476896,0.625,15.446922450495483,0.625,116,idle
0.1254631695678989,0.3125,0.05040305675089217,0.3125,0.035968648883982636,1.875,49.9678790815076,0.9375,394.54237167279933,0.625,12.002243885829014,0.9375,117,idle
0.42072254263952397,0.3125,0.034526135314092654,0.625,0.08251610930738593,1.25,48.11993919344365,0.625,2658.630244538894,0.9375,75.65356671991366,0.9375,118,idle
0.5628528721063064,0.625,0.05229233756790383,0.9375,0.06267993280053787,2.5,44.801800591874795,2.8125,1237.1947986463267,0.9375,62.76362486681629,2.8125,119,idle
1.0976282290618853,0.9375,0.06055246297670455,0.625,0.044319552930923545,2.8125,109.18061680897043,0.9375,1114.6745324899957,0.9375,45.09662823243325,0.9375,120,idle
0.001034396210349893,0.9375,0.002758371868580159,5.0,0.01671577264810963,5.0,1.4504880408891874,3.4375,5.61011287147393,5.0,0.07880276720653362,5.0,121,idle
0.04119103618146401,0.9375,0.4749054232047772,0.9375,0.056491039530653736,5.0,389.57836750290033,0.9375,30.731807580463922,1.25,7.727118436272938,0.3125,122,idle
0.007465991165796356,2.1875,0.07162622364103507,0.3125,0.020925804679500788,5.0,334.6774824732605,0.9375,54.060295237526255,3.4375,11.776527651116155,1.25,123,idle
0.04810104533492115,0.9375,0.36524237074348403,1.25,0.1047329576802917,3.125,3964.8548558691796,0.3125,44.95362531376499,0.9375,11.004993797222507,0.625,124,idle
0.011301301565964112,0.9375,0.04551998189018777,1.25,0.017386260365962948,3.4375,187.09199424885114,1.25,23.519903288946114,1.25,0.6211445783618111,0.3125,125,idle
0.015463357111642645,0.9375,1.2237683262411319,0.9375,0.11535198663527182,1.25,2255.1879578005437,1.25,177.62560300046354,3.75,18.175342711417233,1.5625,126,idle
0.046799335238480816,0.625,0.33655323990942504,0.3125,0.041365566903724164,0.9375,2066.0920049542856,0.9375,114.68876574721826,1.25,34.764096292606226,1.25,127,idle
0.018119644783916682,4.0625,0.1218143104038352,0.3125,0.04405343031956431,4.0625,471.23289980274825,0.9375,13.632312761592702,0.625,0.9507864301548911,4.375,128,idle
0.0012587986570983842,5.0,0.001854060077032673,5.0,0.004219753695733049,5.0,1.0186580934133238,3.125,4.9209494934400455,0.3125,0.47214882116671175,0.3125,129,idle
0.9053140860108537,0.9375,0.010719583237788701,3.125,0.04967483446126567,3.75,19.094932693579487,2.5,621.2069355038099,2.8125,19.510390412255212,2.5,130,idle
0.008459126124937325,1.25,0.026041239919686057,0.625,0.010461366511529244,4.375,53.23367045117109,0.625,21.29578518868549,0.625,2.1896368366280683,0.625,131,idle
0.6357637745144353,0.9375,0.01267076579429783,0.3125,0.03306293758288091,1.25,153.06817327152393,0.9375,2532.038444306982,1.25,58.08820792782923,1.25,132,idle
0.021351371843690313,2.8125,1.2815243971542258,0.9375,0.032504668535969394,1.5625,1164.554424104339,0.3125,10.724021631381419,2.1875,4.676765413833585,0.9375,133,idle
0.005527505307220012,1.875,0.017023832027593305,0.3125,0.0033610578288314034,0.3125,191.16751408199698,0.625,12.683790565996063,0.3125,2.317298448785132,0.9375,134,idle
0.0037568749282135333,5.0,0.008828434305603447,1.25,0.008844925760253872,3.75,62.41343948972674,1.25,8.773662484454807,4.6875,1.482385804725729,5.0,135,idle
0.004228191034582754,0.3125,0.15450244169948033,0.625,0.0046159208399686605,0.9375,725.6045459200129,0.9375,13.577993050380748,1.25,7.707240942349853,1.25,136,idle
0.00885291115936673,3.75,0.03527216885200625,1.25,0.01340434453706486,5.0,308.6778946515552,0.3125,5.5289967617355575,2.1875,1.5896609477102155,4.0625,137,idle
0.017689841042777606,0.625,0.7506370222694984,0.9375,0.03705286422755063,4.375,934.5563340799915,0.9375,43.42234431896113,3.125,6.77263644126478,1.25,138,idle
0.028641114436416433,0.625,0.5479419461559796,0.9375,0.01375650306477941,0.3125,1082.1439771652151,0.9375,47.44944440599417,0.9375,16.447435594936277,1.25,139,idle
0.05959908297423743,0.3125,0.034337303560431624,3.125,0.006832524137699996,5.0,175.09786746918473,2.5,992.2963859148321,0.625,10.338227372776814,0.3125,140,idle
0.4498498589230912,0.625,0.005341551856294312,3.4375,0.10688490283010607,0.625,25.309432020875914,1.5625,2654.782715043206,1.25,3.1461963951001555,2.1875,141,idle
0.0036023216388633927,0.9375,0.0011115273422933822,3.125,0.013754454215984417,3.125,5.571235262670952,4.0625,17.31362412838888,0.9375,0.3371254520930743,0.9375,142,idle
0.003196849279378303,5.0,0.005818766554988713,1.25,0.006610742028514148,5.0,6.291778863984443,1.875,105.51874115475783,0.3125,0.1958108089994314,3.75,143,idle
0.7510638284826429,0.3125,0.05199918653276662,2.1875,0.4568033631276871,3.4375,198.02005240686742,0.9375,10594.73687330621,0.3125,113.65745722206901,0.3125,144,idle
0.3890981628852189,0.9375,0.02584076431733738,2.8125,0.11334151940488363,0.9375,20.11824811469142,0.9375,720.4845566628373,1.25,20.403711693039416,1.25,145,idle
0.0022860482065130707,2.8125,0.0029281511005684433,3.4375,0.006560022926864699,5.0,4.9745938874966695,1.25,7.9703830276086824,2.1875,3.00586953619937,2.8125,146,idle
0.5445529818913368,0.9375,0.09682609042760866,0.9375,0.08402257605051545,3.75,122.8732790440005,1.25,720.5581864655624,0.9375,60.519711504543515,0.9375,147,idle
0.028596418551101024,0.3125,0.017410400999020838,0.9375,0.031865790013753975,4.375,17.39770083186827,0.9375,67.87825487976582,0.625,1.9172205002858205,0.625,148,idle
0.2594841486336502,0.9375,0.03139420113765097,0.9375,0.08297508967248865,0.3125,86.24572885110018,1.25,931.6407117343351,0.9375,21.35975552317222,0.9375,149,idle
1.249823378455163,0.9375,0.019067529486365566,3.4375,0.02162463846794341,0.9375,22.8011697995945,3.75,1992.3124547039627,3.125,18.360300177537415,1.25,150,idle
0.5092778699009732,0.9375,0.005958660617733134,3.125,0.10503727956738547,0.9375,17.6888405407765,3.4375,2697.0773927999253,2.8125,2.9045096894496316,4.0625,151,idle
0.10297455519958579,0.625,0.0121436174313613,4.0625,0.07534135419174011,0.625,8.418947570465148,0.9375,259.26946295211064,0.9375,2.195407474611932,0.9375,152,idle
0.004462197312176015,5.0,0.002906768942292445,4.0625,0.012917012526589933,5.0,13.850810510006061,4.0625,13.65344688537458,1.25,8.795669095899571,3.75,153,idle
0.09034791218618467,0.9375,0.0282881488229278,0.9375,0.04505317864646327,3.125,64.48217529632396,0.9375,617.1004087705128,0.9375,58.64433219379323,0.9375,154,idle
2.665559166841961,0.9375,0.03132538208848704,0.9375,0.2792584599220267,0.9375,68.86749467332946,1.25,5347.534263694878,1.875,14.198619474894228,3.125,155,idle
0.15142249109477546,3.75,0.111437086086124,0.9375,0.12256594590672379,4.6875,168.53663506263817,0.9375,58.53403895183511,1.25,18.317389592979275,0.9375,156,idle
0.038617792445991284,1.875,0.7604670835019479,0.9375,0.07123940765540548,0.9375,367.73431770532056,0.9375,109.62695639704307,1.875,30.10827455549169,1.5625,157,idle
0.018096273675486624,0.9375,0.0295141074640482,0.9375,0.036814969484392626,5.0,13.316083799561733,0.9375,27.18170087520452,4.0625,7.968235143155617,2.1875,158,idle
0.014146184787205432,0.9375,0.04116666833388425,1.5625,0.038367109075666386,2.5,2391.9589388602503,0.3125,202.57357241078395,0.9375,5.459580560834976,0.625,159,idle
0.005620624426399122,1.25,0.09543615606135793,0.3125,0.0038422872310900995,5.0,841.4669098181405,0.3125,51.371970582662456,0.3125,1.4507737203734223,0.625,160,idle
0.02057127486814465,3.125,0.4783832429350448,0.9375,0.07332768950209988,2.1875,152.0469641515059,1.5625,61.73360336322931,0.9375,17.524054104305378,1.25,161,idle
0.0357934810981603,0.625,0.6030158635264762,0.9375,0.061189832086254385,0.9375,526.1937878510118,0.9375,149.74542854716003,1.25,58.925499154772254,1.25,162,idle
0.0014549994951551881,1.875,0.024751029494255894,1.25,0.0028223371364558326,5.0,86.13005722647618,1.5625,1.5408243273112907,1.875,4.8536554959475335,2.1875,163,idle
0.0020803784904675276,3.75,0.006887557542988445,2.8125,0.028751867158285874,5.0,4.959638867557656,4.375,4.003216044303155,0.9375,1.8436356456300562,1.25,164,idle
0.00851543268576723,1.25,0.013032301159924226,0.9375,0.008015573780028299,3.75,14.112980536460352,2.1875,5.98014144737882,5.0,1.2884840422315296,5.0,165,idle
0.0014974005366935495,0.3125,0.02081517680825202,0.625,0.006566527535925576,0.3125,141.14511199102986,0.3125,7.6426348160395206,0.3125,43.598701256433195,0.9375,166,idle
0.06623867343331648,1.25,1.9647809824698586,0.9375,0.023851111685620326,0.3125,2405.7388564755006,1.25,77.2174294706512,1.875,5.353096572682593,3.4375,167,idle
0.020532781802179247,0.9375,0.18127458159265267,0.9375,0.0053048485875107415,0.625,923.2924742204868,1.25,26.103835208702076,1.25,10.284648498477226,1.25,168,idle
0.020280873035206235,0.9375,0.4070865127663046,0.9375,0.016986333040044894,0.9375,221.68405361150286,0.9375,47.227889541745334,0.9375,37.56143094864034,0.9375,169,idle
0.008959756977667618,4.375,0.11295764278212614,0.9375,0.08391710037181964,0.9375,46.688263377223606,1.5625,13.717068150098493,2.5,12.520544587386421,0.9375,170,idle
0.00014159751421013626,2.5,0.005646059906885351,2.5,0.002146321597231028,5.0,29.058460219944212,0.3125,2.2259837389811983,0.3125,1.3888944567000452,1.25,171,idle
0.001460997398269752,5.0,0.005079402772908933,3.125,0.0008277997229094071,2.8125,2.9028947067954665,5.0,0.3090569854300058,2.8125,0.8892637235617629,2.5,172,idle
0.058124161589490485,0.9375,1.0242002035297493,0.9375,0.09150074549142032,0.9375,2165.613035881682,1.25,100.39100222952027,1.25,6.212454246160576,0.9375,173,idle
0.008368101025202253,5.0,0.13501991892587079,0.9375,0.028340816703038604,5.0,156.70162453307992,1.875,17.156576368212324,0.3125,1.2729844611589791,0.9375,174,idle
0.0029679633184789824,2.8125,0.027910114839054777,0.9375,0.01105075406164565,3.125,15.24403438630111,3.75,6.486917433881001,1.25,0.6507333675374269,2.1875,175,idle
0.12343550959049764,0.9375,1.6702758749097055,0.9375,0.23649328827890173,0.9375,726.8753742145873,0.3125,380.25331148780907,1.25,38.322562851808826,0.9375,176,idle
0.11254570220146871,0.9375,0.0866303499669483,0.9375,0.04802727622673829,0.9375,88.16440518575325,1.25,63.008545711219774,1.25,21.72436927203649,0.9375,177,idle
0.05465926061718728,4.0625,0.28497270676895925,4.375,0.050059187463323065,3.4375,210.39087511406882,0.9375,162.99718735765703,5.0,60.569633034920166,1.25,178,idle
1.1006160673339334,0.9375,5.560669013682974,0.9375,0.457879354494249,0.625,5944.518738283991,1.25,1210.375051699177,1.25,714.312454010722,1.25,179,idle
0.06926617177711425,1.25,0.0518724738473101,2.5,0.09755144842906203,2.1875,386.8140525072215,2.1875,276.2565686742704,2.1875,19.01579339107204,1.875,180,idle
1.4558512180698284,0.9375,0.05172885412428511,0.625,0.03896117932370834,3.4375,135.7029307851983,0.9375,838.255561855823,0.625,149.38331249040522,1.25,181,idle
0.024252458105197685,0.625,0.014391802142581827,1.25,0.01004011433780953,2.5,30.52194484191501,0.9375,105.76101574727686,0.625,13.536490880173835,0.625,182,idle
0.9830079130833858,0.9375,0.0643211643815935,1.25,0.05376745931279727,2.1875,325.29607655014513,1.875,3466.3304249444323,1.25,89.5249093856007,1.25,183,idle
0.16571956718850547,0.9375,0.003721020088628692,3.125,0.05228783159631285,4.6875,17.22964701113163,3.125,470.7706911950746,1.25,1.407500063545102,1.25,184,idle
0.8601443404477268,0.9375,0.07221251751917705,1.25,0.1382033239507742,0.9375,26.75188811394605,0.9375,3087.894299409897,0.9375,22.359565923897986,1.25,185,idle
0.1617594547947306,0.9375,0.030994876421324237,2.8125,0.03435071988971845,0.9375,35.23372004244546,5.0,461.64088559972504,1.875,11.439855379729282,2.1875,186,idle
0.04683284450287765,0.9375,0.021926861231235446,0.9375,0.02070594983917709,4.0625,35.61759618045866,4.375,327.0664661937279,4.6875,2.930320892204248,3.125,187,idle
5.124254011552978,1.25,0.05777237524950534,2.1875,0.2503818209916088,0.9375,333.02669557554907,1.875,1014.5004061218444,0.9375,143.3427478677701,4.375,188,idle
0.3081651794507229,0.3125,0.09138412755593935,1.25,0.1017041250256038,2.5,222.2958016185236,4.0625,1738.8973270567083,0.3125,44.3291823235977,1.5625,189,idle
0.04139224144220224,0.625,0.022053424776179636,0.9375,0.023335847364154127,0.625,58.29503042335726,3.75,93.46822897034897,0.9375,3.279515730184633,1.875,190,idle
1.3630370958149414,0.9375,0.08771438231721397,1.25,0.01912697649136144,3.4375,198.60311243174138,1.25,816.1314862043561,0.9375,34.396819744053005,0.9375,191,idle
0.04054720410193751,3.75,0.041384442306396776,5.0,0.06012610911978587,4.375,170.54415699552106,1.25,26.647403504011912,0.9375,51.539140310244136,0.9375,192,idle
0.35500132904825404,0.9375,0.011808976053872003,0.3125,0.03034683919006379,4.6875,49.440874593275566,0.9375,1101.8438114206147,0.9375,23.56085667402109,1.875,193,idle
0.19032371141581234,0.9375,0.07189487592736911,4.0625,0.06269267142385981,1.5625,112.74703140402336,1.5625,1183.5268111611847,1.5625,27.71914657774021,0.625,194,idle
0.004825158397968495,0.9375,0.00216533744571823,3.75,0.011934209995889048,4.6875,33.23794134101978,0.625,9.20046451720389,0.9375,0.7036431284601177,0.625,195,idle
0.10584185796383692,0.9375,0.46008385943090235,0.9375,0.08296443379584538,0.9375,408.1981690435532,1.25,18.804736191926715,0.9375,18.03461461188004,1.5625,196,idle
0.0013760567474900196,0.3125,0.03284736393289766,0.3125,0.02698831800881499,4.375,138.5652034655815,0.9375,13.830102607565346,1.875,11.819861426150412,0.9375,197,idle
0.00020888412332000978,0.625,0.0032677940089434715,0.3125,0.019175292689634346,0.3125,298.35554209284766,0.3125,2.69557432716131,0.3125,1.5919818535958625,0.3125,198,idle
0.035451608024118876,1.25,0.6994243541111369,0.9375,0.08488651785705993,0.9375,2614.4721209759086,1.25,416.8655207939476,1.5625,34.03774790620199,2.1875,199,idle
0.01701316354047002,0.9375,0.12110745590752184,0.9375,0.02251214326421818,1.875,76.5318236449213,1.25,69.64751631640434,1.25,11.811202147667315,0.9375,200,idle
1.614926872375374,0.625,0.4516459930008584,3.125,1.1024620131008365,2.1875,628.8252783761834,2.1875,2294.5764166608333,0.9375,821.1674817269366,1.5625,201,idle
0.004971756398470838,0.3125,0.015628203386407007,1.25,0.01883189360519609,1.5625,32.831702701411686,0.3125,89.56703182549619,0.3125,11.101918387560682,0.3125,202,idle
0.007918066001877075,4.6875,0.003665356112612968,5.0,0.006066465800844187,5.0,1.59668932786098,0.9375,3.513131709730019,0.9375,0.5988308962077855,1.875,203,idle
0.0022380860503712226,2.1875,0.004916274616721332,5.0,0.002156332369792004,1.25,4.030290307095868,1.25,3.148157312013141,0.9375,0.8603996084570481,1.25,204,idle
0.0015267412909526228,3.75,0.0016491265490000992,5.0,0.004178964881738315,3.4375,1.4181207912563878,5.0,1.179628472363148,0.625,0.29530116766959474,3.75,205,idle
0.11212195038767328,0.9375,0.06368114955609432,4.0625,0.02239217837106084,0.9375,69.9816711696232,2.8125,159.3741726864789,0.625,13.144039717170338,1.25,206,idle
0.8167489087024359,0.9375,0.16033974502781803,1.875,0.42438105637170875,2.8125,116.67418515840077,1.5625,1119.4275873329377,1.875,21.766580112725475,1.25,207,idle
2.2932560600309695,1.25,0.14210289507369187,1.875,0.35509088195224653,0.9375,134.52565048886626,1.25,8566.63623122583,1.5625,18.785084774789972,2.1875,208,idle
0.0500331038649479,3.75,0.037596423635955604,1.875,0.2085681388290414,0.625,65.7792304612478,0.3125,550.2321151484535,0.3125,12.875507956330974,0.3125,209,idle
0.005750323269538221,3.125,0.015549456959478396,3.75,0.032501978674207704,1.5625,8.43512625069842,3.4375,16.650275148783134,2.5,6.898138278341293,2.8125,210,idle
0.008975663999193004,1.25,0.009997248107021657,2.5,0.018405602958521988,0.9375,6.064498721410737,2.1875,7.7385603825888,1.875,15.631410978701584,0.625,211,idle
6.905260854072203,0.9375,0.08703240695191902,0.9375,0.6891846285046371,0.9375,348.18763579316743,1.25,24580.105592022563,1.875,399.8503747829846,2.5,212,idle
0.12725160215034145,0.625,0.7627528893420442,0.9375,0.12635525003013687,0.9375,2422.99478148766,0.9375,782.0093001931862,0.625,36.80111360281942,2.5,213,idle
0.1615250623669204,3.125,0.5293930423830409,0.625,0.506194340790796,0.9375,506.35672528693993,0.9375,205.37627796047767,1.5625,93.80716240913335,1.25,214,idle
0.05824625260055308,0.3125,1.367323003717851,0.9375,0.9865010628584322,0.9375,5668.605725523145,0.9375,587.5112758939148,0.9375,61.52934098610305,0.9375,215,idle
1.376365859591096,1.25,4.406008466042058,0.9375,0.3759086431596058,3.4375,3145.8005244796236,1.25,4396.726331189798,1.25,161.17991897160698,1.875,216,idle
0.017831411385147565,1.25,0.03376040286318391,0.9375,0.04519393338773204,1.25,245.88789156825285,1.5625,44.155380279823035,0.9375,83.27872361653266,1.25,217,idle
1.7029954067543713,1.25,5.282403791053672,0.9375,1.6153744184262886,1.875,5247.431202828376,1.25,3654.433358565525,1.5625,342.75818821646254,0.9375,218,idle
0.12710200597592253,3.125,0.469760047253302,0.9375,0.33324057533818746,3.4375,1363.9055329691694,1.875,34.441534793736906,1.25,241.79374498417448,1.25,219,idle
0.3160719742635019,3.125,3.543296256884143,1.25,0.6186331821393983,1.25,3570.435986734763,1.25,354.2969214992756,1.5625,124.28261161096187,2.8125,220,idle
0.07179055172734912,0.625,0.21188580669239923,1.25,0.2337495876906114,1.25,267.6503860732634,0.3125,13.934383326550499,2.5,141.5406961981032,0.9375,221,idle
1.8683178739987336,0.9375,0.14626845430366656,0.9375,0.5690450319750929,5.0,170.1206544790454,2.1875,839.2930988857789,0.3125,160.37124841058878,0.9375,222,idle
0.34010216787283626,2.1875,0.3324003146837868,1.5625,0.22099149896347092,1.25,176.5388220251828,1.5625,69.53111273948863,0.625,6.3327856550474735,0.9375,223,idle
0.2704196769689891,0.9375,0.031137535410174944,1.25,0.11622909054863236,0.9375,86.11483516983456,0.9375,1017.2432863139845,0.9375,60.99723432170226,0.625,224,idle
5.943598999592,0.9375,0.2810645746924113,0.9375,0.4299936198666738,2.5,865.6782715802692,0.625,12906.549515267267,1.5625,541.318377994885,1.5625,225,idle
0.0706242031922569,4.0625,0.06286215063665831,1.25,0.21856956067777142,2.8125,246.0388420586431,2.1875,461.02227395502166,0.3125,69.37472681618328,1.875,226,idle
0.02228397093313958,0.9375,0.018991730940268955,0.625,0.034249459576135316,0.9375,30.925233527347334,0.9375,51.06229169544683,0.625,29.87009115920416,0.9375,227,idle
3.1725339538849964,0.9375,0.9314789095901918,0.9375,0.4036454570395862,0.9375,335.0585171121889,0.625,8878.055046842604,2.1875,869.8650762222842,1.25,228,idle
0.068729562763916,0.9375,2.0907021063655282,0.9375,2.0207130788548127,0.9375,2369.593533160285,0.625,586.9922319393398,5.0,35.768324077767694,0.625,229,idle
0.07621238931827884,3.125,0.47210687716086114,0.625,0.9860549999383391,0.9375,7166.79232987962,0.9375,105.30668614978916,0.3125,253.86046214696864,0.9375,230,idle
0.16988547173377236,1.25,2.395527580831424,0.9375,0.7915500076156637,0.9375,705.9313114598145,0.9375,226.65661205391916,4.6875,35.76512941861032,1.875,231,idle
0.16760748175039925,2.5,0.8872301674102677,0.625,0.09633768035440461,1.25,959.227048449889,0.625,249.74878726806142,2.5,35.20513385568577,5.0,232,idle
0.10237097832611439,3.75,0.5598241671531319,0.9375,0.18186150911856608,0.9375,1260.6018311304747,0.9375,118.94362661930619,0.3125,86.53611047741745,0.3125,233,idle
0.5605080673300675,0.625,3.782421565809331,0.9375,0.6892644970746585,0.9375,3438.533317277045,1.25,2387.356841112474,1.25,80.47099659495083,0.9375,234,idle
0.02106970418681088,3.75,0.14265447620979946,1.875,0.05424387616270643,0.9375,1218.5272977259056,0.3125,99.9759174993728,0.3125,8.326493218147919,0.3125,235,idle
0.1835349200898143,0.625,0.6178721122200181,0.9375,1.2403095737836494,0.9375,2598.3481161643713,0.9375,887.2092135023196,0.9375,168.1778675797836,1.25,236,idle
1.863912620529061,0.9375,1.1520883434147233,0.9375,0.9896632450712465,0.9375,160.12491074519335,1.875,4556.7995066445665,0.9375,156.45016098093825,1.25,237,idle
2.459656308620109,0.9375,0.05105900756675709,1.25,0.04746033808073653,0.3125,1774.517884102975,1.25,6362.147757866791,1.25,117.52229889859163,1.25,238,idle
0.2776307206828336,0.3125,0.16971545085778492,0.3125,0.02531498570173895,0.9375,157.71896835037705,0.9375,432.64213623389674,0.9375,81.46745172095649,0.9375,239,idle
1.847033551854781,0.9375,0.1195578359284612,0.9375,0.059208335052897826,0.625,172.26677050041837,0.9375,5139.259690982633,1.25,203.4805895277258,0.625,240,idle
0.10722068334439518,0.625,0.04764322690136961,0.9375,0.05922996719231177,1.25,145.21971049078482,0.9375,777.2001262562065,0.9375,43.3094923463886,0.625,241,idle
4.712146650018342,0.625,0.40956137292486294,2.5,1.953280566429598,0.625,523.9884654414482,3.4375,15054.618274979044,1.25,261.17816643320515,1.25,242,idle
4.7699295242148745,0.9375,0.2067326867793647,0.9375,0.9426098378143959,0.9375,499.688479000914,1.5625,2898.196084698047,0.9375,410.45951927814946,1.25,243,idle
0.03629389837274511,3.125,0.07424621796741475,0.3125,0.028123328044094,2.8125,131.47766745478987,0.9375,203.47747207132716,0.3125,20.75412182859059,2.1875,244,idle
0.01644803063128766,1.25,0.0036715597109285955,0.9375,0.004835812752910502,2.5,5.58623899651897,1.25,7.265756029494146,4.6875,1.8214099606462624,1.25,245,idle
0.06645793458938976,4.375,0.17755822653287487,4.6875,0.02622319739897916,3.75,158.37143673369266,0.625,141.6373351275617,0.9375,22.128376302308677,0.9375,246,idle
0.8006229024693476,0.9375,3.282608484870788,0.9375,0.19595743928335824,1.25,1745.9441196497035,0.9375,767.0777556036057,2.5,124.81602484591056,1.5625,247,idle
0.6807272834224168,0.625,4.112606644643131,0.9375,0.044075833121421076,0.3125,4792.734994470464,0.9375,641.4172693151908,1.25,41.63660904303319,0.9375,248,idle
0.03322335230591023,0.625,0.12285362585291093,0.9375,0.06626271274428899,4.375,450.17316542943956,0.625,79.04172202742728,0.9375,7.182614063259905,0.625,249,idle
0.18194938441799974,0.9375,2.219087604609726,0.9375,0.1260179943279771,3.75,8011.716914533831,0.9375,481.1859703932545,1.25,63.69369476434254,2.5,250,idle
0.024339800325259613,3.4375,0.7339215992297043,0.625,0.2232268337010154,0.3125,569.3840280278363,0.9375,11.453915988357092,0.3125,72.74199901184532,1.25,251,idle
0.31583041727578254,1.25,8.330562096057378,0.9375,2.1283941156279926,1.25,9869.096011987194,0.9375,1104.5038174824274,4.6875,874.9755924184444,4.6875,252,idle
0.0026810152410963995,1.25,0.060709814925061514,4.6875,0.025309448803332336,5.0,295.5952865535083,1.25,2.264135282685736,0.9375,0.4717082468581008,1.25,253,idle
0.6215542125126885,0.9375,1.21455122829242,0.625,0.8233772170797615,0.9375,1172.2100227848673,0.9375,1111.8032554042184,0.9375,414.3037388203368,0.9375,254,idle
0.7066111480178633,1.25,10.358558329300712,0.9375,7.5458278860463714,0.9375,27167.238948090708,0.9375,2374.006570103973,1.25,249.29245376654094,1.25,255,idle
0.6362143632013573,0.9375,0.08896882891617118,1.875,0.13337140117026489,3.125,57.143017818572616,0.625,1630.4137944389854,0.3125,16.843307822499543,1.5625,256,idle
0.9992397939387858,0.9375,0.09313596723445576,0.9375,0.2560214633624874,0.9375,102.69249638479522,0.625,6150.156163642466,2.5,109.93734947225656,2.8125,257,idle
4.457248358730018,0.9375,0.4598373259814974,0.9375,0.7088344945678965,4.6875,653.2801476577831,3.125,12030.09135035259,1.25,98.95303796187117,0.9375,258,idle
0.014754324839533674,0.3125,0.035782315489760304,3.4375,0.021960304725568664,2.1875,35.89989918352769,0.3125,3520.678215120304,0.3125,27.343000914078168,0.3125,259,idle
1.2708243588998103,0.625,0.06285361913102233,0.3125,1.0802078844510687,0.625,128.70670207900963,0.9375,8260.370932136144,0.9375,116.39679544384907,0.9375,260,idle
2.4258011719049817,0.9375,0.12000543679477528,5.0,0.995720419276465,0.9375,128.04682110954198,1.25,31355.467209034363,1.5625,28.029212719117048,3.75,261,idle
0.4166273328234582,0.9375,0.4016276326216582,4.375,0.2371005469751445,0.9375,344.96572600354153,3.4375,3902.9398659801277,1.875,94.28950538462821,4.0625,262,idle
1.6688179848221152,0.625,1.291266616203416,0.625,0.2512085795743775,1.25,2456.0445050611997,0.9375,1249.3229695011762,0.9375,66.65205989731462,1.5625,263,idle
125.39774504074143,5.625,37.56580423036428,5.3125,44.9021459017892,5.0,3200.40984895656,4.375,2410.287882362205,4.0625,38266.96438550859,5.3125,264,shake
405.2110006678578,2.8125,354.98704103968925,2.8125,11.482369148407097,2.5,3020.7974078741527,2.8125,3078.4767941140476,2.8125,69335.73230502522,2.8125,265,shake
157.36557657824298,2.5,127.41340773472282,2.8125,0.8360505504497576,3.125,1426.389289856469,2.1875,753.0046300400808,2.8125,19483.898332113,2.8125,266,shake
196.6301168894206,2.8125,240.56123527022507,2.5,5.429119961342687,2.1875,980.8309984716885,2.5,2419.5701486002145,2.1875,47146.524497864106,2.5,267,shake
293.34060412425725,2.5,245.38318937713314,2.5,27.93958662837443,2.5,284.96012013832654,5.0,5190.972638838738,2.8125,33530.753390908336,2.8125,268,shake
194.25387030195571,2.5,175.6595501400413,2.5,8.886592824917187,2.8125,1445.8245532556805,5.0,5180.569015195295,2.8125,51250.693775874875,2.8125,269,shake
246.92092092394594,2.5,228.7915648965985,2.5,28.160314224635666,2.5,3268.551452431163,2.5,8755.319593566453,2.5,137518.87127391994,2.5,270,shake
269.6312840173725,2.8125,251.66224254660534,2.8125,17.595744210242938,2.5,971.2842567371988,1.5625,6663.593679541716,2.8125,64970.60959172052,2.8125,271,shake
275.2922555663846,2.5,323.2241842871186,2.5,31.7926447411585,2.8125,2456.208742404311,5.0,9859.393718247149,2.5,85232.07516441081,2.5,272,shake
302.56799492373375,2.8125,343.0558417207852,2.8125,55.10277164423235,2.5,4366.605456045178,2.5,11247.626750627427,2.8125,158751.94479505272,2.8125,273,shake
206.93538904054446,2.8125,309.97108853273727,2.8125,44.85983763313698,2.8125,13531.819761045159,2.5,16227.01500247792,2.8125,136905.46992158284,2.8125,274,shake
121.21946471371875,2.5,116.75905103483022,2.8125,48.11694837257021,2.5,6013.657562070976,2.5,13532.126967833794,2.5,101730.53901630302,2.5,275,shake
112.57134934105757,2.5,226.88835452464247,2.5,22.739274276356547,2.8125,9120.178277282035,2.8125,4762.321965482176,2.8125,113819.16048086912,2.5,276,shake
148.94444217261895,2.8125,350.62003273725475,2.8125,30.314052420090892,2.8125,7822.579497485905,2.5,7116.599646018613,2.5,109194.34551430287,2.8125,277,shake
224.88934660203384,2.8125,440.1011613790282,2.8125,27.98440420303936,2.8125,5864.070743327263,2.8125,8117.465644329283,2.5,138564.3538096459,2.8125,278,shake
131.99786911299773,2.5,239.74321725070874,2.5,36.32855235554901,2.5,10572.209611415397,2.5,11525.27754539362,2.5,181023.9574364048,2.5,279,shake
146.09296657058854,2.8125,381.4917259475244,2.8125,22.426688062916746,2.8125,13372.982034015207,2.8125,7940.165534327459,2.8125,161313.63910161436,2.8125,280,shake
98.81240620845736,2.8125,264.85335634188357,2.8125,41.06649832166403,3.4375,2841.890457999417,0.9375,17055.983659950707,2.5,114581.98393675551,2.8125,281,shake
155.2574751043613,2.1875,221.5921589974654,2.1875,37.80716732734998,2.1875,3170.7739194460837,2.1875,22646.80154848256,2.1875,61029.77601603678,2.1875,282,shake
191.52944314123823,4.0625,310.68561344228226,4.0625,25.310046979928426,3.75,2433.804806405587,2.1875,12794.338587074477,4.375,71753.9917523995,4.0625,283,shake
270.2486824292746,2.1875,501.2288286050559,2.1875,4.562722158239971,4.6875,5408.760236735552,2.1875,4263.7402641524295,1.875,99249.59760912773,1.875,284,shake
228.9301708506779,1.875,244.7579575411654,2.1875,16.234495721827425,1.5625,8778.831074221816,2.1875,7268.105265745294,2.1875,175023.88605844692,1.875,285,shake
218.66149649044314,2.1875,361.7016387161713,2.1875,18.21374787893817,2.1875,8950.052215156187,2.1875,6704.666503391428,2.1875,135035.73614503368,2.1875,286,shake
243.4095705026907,2.1875,260.0730041977838,2.1875,71.42110237325312,2.1875,1087.30409884112,2.1875,13081.350768375036,2.1875,103158.81343103563,1.875,287,shake
71.23869123187818,1.875,78.35190771837898,1.875,74.50178173341664,2.1875,8205.209752810651,2.1875,22697.486176608818,2.1875,59186.490475775674,1.875,288,shake
221.52574166485024,2.1875,194.2161943103915,2.1875,85.21581901263237,2.1875,10772.619109734122,1.875,23478.972096834725,2.1875,127438.09256198783,2.1875,289,shake
375.37979714097213,2.1875,135.9092099182607,2.1875,8.231945110358522,2.1875,12919.85696523191,4.6875,23499.427831371788,4.6875,206720.96324733482,2.1875,290,shake
285.5502962682952,2.5,363.39950856078144,2.5,57.76530108073625,3.125,40125.75213975548,2.5,21927.72684981802,5.0,222061.31401520662,2.5,291,shake
346.37704096846164,2.5,351.01985530041134,2.5,88.67795017422108,2.5,15016.102855709782,2.5,9794.68116070598,3.125,206729.27374391974,2.5,292,shake
50.36948206460387,2.1875,143.68515768023602,1.5625,18.86121947898194,2.5,6466.573750788338,0.9375,4866.903831540521,0.9375,80673.01052147502,1.25,293,shake
206.57623814598006,2.1875,913.8167334989017,2.5,43.778246502142565,2.1875,6454.693035476884,2.1875,27776.636796385465,2.5,182805.95104166874,2.1875,294,shake
127.54429142108155,2.1875,372.75626695044804,2.1875,117.46198265818751,2.5,15471.490800295558,2.8125,38918.7373444299,2.1875,177169.01055044925,2.1875,295,shake
143.7183247764064,2.5,554.3318238247684,2.5,78.12267302102103,2.5,15007.388984022491,1.5625,42668.79416318768,2.5,135991.25312760734,2.1875,296,shake
151.89645173907547,1.875,267.6640008431105,1.875,54.21579315844671,2.1875,1694.144807655611,0.3125,14157.683617999939,0.3125,104684.72326036105,1.875,297,shake
177.10419855571772,2.1875,336.83882644232676,2.1875,29.259986562957803,2.1875,5276.246010117432,2.1875,13551.56305236762,2.1875,159450.818238716,2.1875,298,shake
116.82456408270299,2.1875,206.96927053613697,2.1875,27.62816691720374,2.1875,6655.370648758682,2.1875,8492.975188105765,2.1875,152086.89455056813,2.1875,299,shake
166.37749881163424,1.875,232.64458930532908,1.875,14.296267805392842,2.1875,16840.213145342157,4.0625,14191.465692926555,2.1875,201716.65065527437,1.875,300,shake
206.85895877918813,1.875,302.13046526812093,1.875,8.2510339203166,2.1875,28265.017044411856,2.5,27409.41964226947,1.875,278728.9253667613,1.875,301,shake
170.52885581088623,2.1875,283.21725376834837,2.1875,11.541875696263558,2.1875,7510.504384062346,2.1875,5502.431422277324,5.0,243155.39812653922,2.1875,302,shake
157.80249089006506,2.5,244.07273048298202,2.1875,15.372712695142656,2.5,14238.32086640917,5.0,9127.692249905265,5.0,214864.8144516142,2.1875,303,shake
159.69424306879986,2.1875,302.8663860051126,2.1875,8.820538445128824,2.5,6006.369189211979,2.5,13239.742851323086,4.0625,207347.31843388165,2.1875,304,shake
106.25899410927535,2.1875,250.27912499928757,2.1875,12.07854161455394,2.1875,7244.130668315122,2.1875,3482.3619213278744,4.375,208111.36704695303,2.1875,305,shake
150.82337175122856,2.5,260.89200153529833,2.5,8.186263353490352,0.3125,12060.942946247935,4.6875,11147.200383115074,4.6875,174135.98832532842,2.5,306,shake
8.871165918760079,1.875,131.86578695138908,1.25,17.910755462365206,1.875,2146.410071879268,1.875,5721.553170102331,0.625,49744.20834703589,0.625,307,shake
187.07466191196346,2.1875,803.4296421335343,2.1875,57.09766327059881,2.1875,5477.704927712817,2.1875,19242.72815881744,2.5,253483.58994474704,2.1875,308,shake
309.55424924586185,2.1875,479.91968707891215,2.1875,80.66348367170156,2.1875,9096.034091729536,2.1875,18622.407660174988,2.5,262510.12778780505,2.1875,309,shake
191.9868042185665,2.1875,736.4870931551739,2.1875,30.542788844039556,2.1875,4880.829679790505,2.5,8435.689657883733,2.1875,349202.42600021284,2.1875,310,shake
122.82388568204644,2.1875,616.362867396691,2.1875,45.1304547699926,2.1875,5183.25455164144,4.6875,9051.726211052563,1.875,238543.58637557816,2.1875,311,shake
72.80512722464488,1.875,388.0653268924788,1.875,68.14148773502737,1.875,3918.9713858829136,4.375,14993.564846578893,1.875,137712.46573962466,1.875,312,shake
90.50448748687425,2.1875,342.26269721228726,2.1875,19.221232868048855,2.1875,11166.0473010438,1.875,4103.169514993153,2.1875,113625.14597997181,2.1875,313,shake
110.80882570419128,2.1875,468.5773676333339,2.1875,26.730197474603482,2.5,8144.347210743644,2.5,3940.3114212111873,2.1875,101209.51609103552,2.1875,314,shake
113.96339810232307,2.1875,413.3025265559369,2.1875,41.16210890458998,1.875,10134.58361464422,3.75,6954.348960101716,1.875,98120.99294519484,2.1875,315,shake
56.20328875212848,2.5,283.27067326438436,2.5,44.769763138032,2.5,5318.8789264704565,2.5,5513.83830754283,2.1875,93592.17903028012,2.5,316,shake
82.1020310642561,2.1875,248.05332385066788,2.1875,63.070202244475624,2.1875,6586.467407076753,2.1875,10915.92706123583,2.1875,106780.05087712765,2.1875,317,shake
93.37727536864585,2.1875,432.26394304734066,2.1875,26.803972827129613,1.875,3427.9182500038983,4.0625,5718.5488473143605,2.1875,154268.80899619465,2.1875,318,shake
101.2686939731932,2.1875,483.3373630159334,2.1875,7.682771628471138,2.1875,1927.4431887387182,4.0625,2471.450024572157,2.1875,217773.2379687646,2.1875,319,shake
79.37239879381374,2.1875,368.83679819148836,2.1875,31.345426805459926,2.1875,11053.178708316686,2.1875,6169.133874123798,1.875,172734.0844883833,2.1875,320,shake
48.2843949232623,2.5,386.168550470467,2.5,75.4178219022792,2.5,3857.453178426795,1.5625,11612.98719665825,2.1875,142285.17246373644,2.5,321,shake
142.15558699706142,2.1875,496.32765765194284,2.1875,70.71427454805132,2.5,3535.4643926209264,2.1875,7337.262579573538,2.8125,140044.0334792415,2.1875,322,shake
99.78740777061506,1.875,470.7956512671935,1.875,18.861615935584403,1.25,18565.766029741153,1.5625,3618.7595188343785,1.25,174917.0495002781,1.875,323,shake
75.48452375673254,2.5,389.76229487010045,2.5,39.42021448416534,2.8125,17621.81053575451,2.1875,7103.084696088437,0.3125,113929.67172417349,2.5,324,shake
21.48457313524172,1.875,81.74608142214457,2.1875,47.55654978099723,2.1875,16395.308572562986,1.25,3465.621775839524,2.5,21029.49037388352,2.1875,325,shake
54.42407523398676,2.1875,334.36201445669775,1.875,12.822166370607366,2.1875,5850.006783310028,0.625,4062.9390193672043,2.1875,102173.41340189942,1.875,326,shake
41.60763550429428,2.1875,297.1061009584856,2.1875,43.55415946372443,2.1875,5883.786625896977,2.1875,7898.2370294937755,2.5,143406.3430113899,2.1875,327,shake
76.85312537589834,2.1875,464.5196228343803,2.1875,37.59917966566125,2.1875,7022.45793738826,2.1875,7854.991668630287,1.875,183501.49759144898,2.1875,328,shake
88.97305060195268,2.1875,322.2621073722243,2.1875,18.39736834811303,2.1875,8990.5266927467,1.875,9221.85819467986,2.1875,149657.59495861773,2.1875,329,shake
48.4996126160775,2.1875,195.45734742747914,2.1875,18.482557043436703,2.5,6043.8589917560885,3.75,13095.786760000048,2.8125,109765.05090527238,2.1875,330,shake
115.0093042897623,2.5,298.6858263604302,2.5,30.88980319096228,2.5,14706.959276674876,2.5,5406.657688474699,1.875,161190.31349754485,2.5,331,shake
120.98435559521656,2.1875,224.94768883638199,2.1875,13.714312873159026,2.8125,13712.853398445866,2.1875,5093.095161934176,1.5625,164273.4751938115,2.1875,332,shake
208.31340686865425,2.5,357.6154190017439,2.5,35.2647415315067,2.1875,13779.871541129205,2.1875,19708.971798851773,2.5,209209.7595895628,2.5,333,shake
216.29546021984757,2.1875,325.090468148476,2.1875,26.246842994257076,2.1875,16139.66672366238,4.0625,12943.29396468258,3.125,178157.33100342975,2.1875,334,shake
93.61952399870256,2.1875,238.29207188575154,2.1875,17.634109590543982,2.1875,18366.215476083184,1.875,1289.3420096168136,0.3125,198683.60693299025,2.1875,335,shake
146.58106109440584,2.1875,173.24692088237,2.1875,4.142859407225469,2.1875,8609.007674314207,2.1875,2674.490302542345,4.6875,173543.49370313803,2.1875,336,shake
199.98225632160091,2.1875,312.6545107204289,2.1875,10.893144570995071,1.875,12071.419862396253,5.0,3629.636894215609,5.0,186871.7193730341,2.1875,337,shake
247.13454440275532,2.1875,280.3231036419672,2.1875,14.371175677797254,1.875,10117.253482372278,3.75,8841.283744572856,3.125,242917.99476577702,2.1875,338,shake
157.08169558005912,2.1875,128.98019020007553,2.1875,13.120316610164602,2.1875,16039.224958984594,4.0625,5559.812401785403,2.1875,190521.27000466586,2.1875,339,shake
147.60109827818115,2.1875,371.8882344141667,2.1875,46.9972754714085,2.5,47981.94523631246,4.6875,26214.707126370264,2.5,205155.04719681037,2.1875,340,shake
176.65159360116309,2.1875,247.41173029948132,2.1875,13.840246845138878,2.5,14969.059641793936,5.0,4973.928248312098,2.1875,173955.93385500053,2.1875,341,shake
246.21670480299895,1.875,355.6877175114958,1.875,22.361333622672454,2.1875,24221.894713136804,3.125,7731.924579225105,3.75,312890.5671692123,2.1875,342,shake
219.6086198073006,2.1875,450.95073687098545,2.1875,18.196306158272304,2.5,8949.061839365138,2.8125,6084.509669166961,1.5625,304070.7947460957,2.1875,343,shake
108.23233752548381,1.875,368.526920695983,1.875,2.083976470916826,2.1875,10554.620490059731,2.1875,3221.623612253725,1.5625,296479.1249787631,1.875,344,shake
168.04498362650338,2.5,317.59629250744956,2.5,32.78368673008119,2.8125,20215.86180166005,2.5,3143.0691384743523,5.0,208861.60332307112,2.5,345,shake
212.44849395464996,2.1875,300.628699661587,2.1875,5.178015003740391,2.8125,9484.396728800675,2.1875,5987.547788014824,2.1875,244590.8972644648,2.1875,346,shake
168.65967846138133,2.5,446.1260727775884,2.5,32.62406038350975,2.1875,10050.229191440623,2.1875,5001.764191063227,3.4375,152147.13380670227,2.5,347,shake
173.9013621628459,2.1875,391.58473812607076,2.1875,15.046539837438246,2.1875,7744.747569022205,2.1875,12919.508454957193,3.75,194139.08307991634,2.1875,348,shake
137.01919943258588,2.1875,128.56097438230006,2.1875,18.35082358670252,2.1875,4125.04419566362,4.375,5938.416876049287,2.1875,117959.33254261686,2.1875,349,shake
60.99333301021814,2.1875,135.88387531112886,2.1875,41.92026439079095,2.1875,4246.4217280299945,4.0625,7765.517236339112,1.875,77416.97661681406,1.875,350,shake
100.23051699490875,2.1875,413.1499158047131,2.1875,11.071156931044651,2.5,5993.29132491116,2.5,1134.9533490835165,3.4375,118857.08595081845,1.875,351,shake
85.0945977253684,1.875,454.6546354711573,1.875,8.15886830477531,1.875,3922.9661139380637,1.875,1498.9695720751658,1.5625,119260.69116294269,1.875,352,shake
88.61768922055703,2.1875,429.4618556843551,2.1875,28.425264216208827,5.0,11000.550445782486,2.1875,4974.630521370521,2.8125,128158.59394645058,2.1875,353,shake
73.22989001377255,2.1875,235.69360826848953,2.5,20.304841741271467,2.1875,4476.422999400878,5.0,9196.993447605966,2.1875,90245.63304602464,2.1875,354,shake
87.33338325953059,2.1875,387.74219310625637,2.1875,11.545074508743943,2.1875,4753.993811353298,4.6875,8654.593462422461,2.1875,98575.3532456988,2.1875,355,shake
109.5625253263434,2.1875,266.0680583725846,2.1875,53.006547903647416,2.1875,10357.601409865083,4.6875,13557.912297865934,2.1875,116215.99766034468,2.1875,356,shake
101.13501428240123,2.1875,522.826968854718,2.1875,56.26314337176042,2.5,8258.93392640174,2.1875,9312.874665607878,2.1875,121366.28762460721,2.1875,357,shake
89.72158176795911,2.1875,367.63816148257706,2.1875,37.50962683450124,2.1875,9829.96684794305,5.0,15023.633171613132,2.5,114584.03145289347,2.1875,358,shake
76.75834394164126,2.1875,465.40841084119165,2.1875,20.448769185843812,2.1875,9195.207452966171,4.0625,9286.11369229175,1.875,126225.14907513389,2.1875,359,shake
125.96307362737623,1.875,559.6288497942173,2.1875,18.821961322286963,2.1875,8653.650526012401,2.1875,17551.595935785375,2.5,228153.42071657977,1.875,360,shake
58.68623205954968,2.1875,363.23670041047535,2.1875,6.208862101809765,2.1875,2619.6075506887137,4.6875,5941.206533877521,2.5,113134.0328977189,2.1875,361,shake
62.931351413359785,2.1875,350.6696428464866,2.1875,52.936805290260146,2.1875,5549.70195693828,1.875,16078.590772015095,2.1875,142244.8104562506,2.1875,362,shake
71.45484450225351,2.1875,363.2136525533951,2.1875,16.273042864929742,2.5,11326.66359995595,4.0625,6790.409497659029,2.5,120708.41195903534,2.5,363,shake
102.88361328448302,2.1875,300.2449365406791,2.1875,11.24747130517854,2.5,17917.59864289131,5.0,5036.434667911563,5.0,171487.36687099392,2.1875,364,shake
87.25547659232626,1.875,274.7779053549997,1.875,20.393613129307322,2.1875,21552.603464925585,4.0625,13433.59277355321,2.1875,176634.4661836981,1.875,365,shake
79.20120090537485,2.1875,398.1340285398723,2.1875,17.733673074114513,2.5,9410.722198708629,1.875,2492.640150336308,1.875,123737.49842510243,2.1875,366,shake
79.08196550827346,2.1875,324.24185096459337,2.1875,8.200253344310603,4.6875,4971.28171214446,1.5625,580.1896756128828,2.5,198600.875305116,1.875,367,shake
94.58698808331648,2.1875,356.9696073461296,2.1875,14.536492174508048,2.1875,7078.182981633909,2.5,4126.073568910392,2.1875,186782.31930761403,2.1875,368,shake
93.46195685978684,2.1875,446.7841185763084,2.1875,4.274349392111037,2.5,18738.23401032511,5.0,3962.369584525852,3.125,177730.23955652118,2.1875,369,shake
106.67428292687994,2.5,474.79102970836897,2.5,4.752255261897365,4.0625,19165.999736235644,5.0,4965.874659619011,5.0,170734.14248307367,2.1875,370,shake
84.87538226539408,2.1875,358.53707757849463,2.1875,4.7562703103702795,1.5625,20460.911772467265,2.5,3328.788914020096,2.1875,155790.99744643574,2.1875,371,shake
106.2235278458817,2.1875,426.39952146437923,2.1875,47.1067194349509,2.5,20112.353432069143,2.5,3708.3146348934647,2.5,234360.65816526665,2.1875,372,shake
103.11960225303808,2.1875,447.9524123184238,2.1875,32.95946920923771,2.5,45351.61762739024,2.5,2614.7599764022452,4.375,212808.22187842353,2.1875,373,shake
90.41089956896508,2.5,406.08463731175567,2.5,20.00092371328435,2.5,25200.1318542784,2.1875,4750.518119992782,2.8125,151368.4698285901,2.5,374,shake
48.50855603301726,2.1875,229.03864175073718,2.1875,13.551178316546615,2.1875,5083.057098226698,2.1875,2153.7366989291595,2.1875,116759.26410476936,2.1875,375,shake
64.42532036538302,2.1875,377.44692652626213,2.1875,20.617947059644507,2.5,10265.76574160854,5.0,6190.429827770747,2.8125,171354.78361564566,2.1875,376,shake
35.691114355460904,2.5,304.4085665712226,2.5,2.4746086244984347,5.0,10119.360387394665,2.5,1729.1249363790066,5.0,115423.4975920099,2.5,377,shake
65.33278279624646,2.1875,357.54241034007356,2.1875,12.520954946893172,2.1875,20929.490380874275,2.1875,4328.2788838200195,2.8125,139356.36448193004,2.1875,378,shake
128.25501697069697,2.1875,531.3526682809359,2.1875,4.747398996157252,1.25,28761.396850869834,2.1875,19977.066744549305,2.1875,200994.73986411086,2.1875,379,shake
86.87453241359567,2.5,432.6268012335172,2.5,13.41024570247685,2.1875,9591.808175111266,1.875,4789.782785839861,4.375,222385.85223426094,2.1875,380,shake
45.739005306992944,2.1875,307.758200973818,2.1875,11.847695808519767,3.75,15400.666765071619,2.5,3021.8403958469685,4.6875,111914.55990205573,2.1875,381,shake
44.91810250578003,1.875,171.052931487696,1.875,24.493284939499947,2.1875,17567.41398812692,1.875,3043.7288528298022,3.125,147398.27775486137,1.875,382,shake
51.0989995449573,2.1875,207.14229065690895,2.1875,14.809714904799383,2.1875,12369.817022618809,1.875,4968.364612026687,2.5,120302.059728331,2.1875,383,shake
51.66343175899436,2.1875,320.857738982048,2.1875,5.960659831608415,2.1875,15753.862375202252,2.5,3005.3826785213646,2.1875,174109.4734040834,2.1875,384,shake
33.19272115873088,2.1875,351.8713352477295,2.1875,6.460046745381632,2.5,4268.470132156056,2.1875,710.9591034063659,2.8125,204619.06545226212,2.1875,385,shake
61.527501157784116,2.1875,298.768803253342,2.1875,7.299687682818268,2.1875,17230.575968335786,2.5,1385.3818963892002,2.8125,134870.11523306536,2.1875,386,shake
83.53017986105841,2.5,346.07694136107534,2.5,1.2820211800438472,0.9375,11410.677491412458,2.5,4723.342976202492,2.1875,125369.4520555902,2.5,387,shake
86.89700863409124,2.1875,327.48828045023373,2.1875,7.797393643278313,2.1875,18708.292313017595,1.875,4041.3761231833873,2.1875,175067.68776756962,2.1875,388,shake
68.99492807817605,1.875,249.73434776564451,1.875,22.983055250995267,2.5,18015.364936065544,2.1875,9211.98232566419,2.1875,237583.3068255585,1.875,389,shake
155.92387397249334,2.1875,600.9446659132204,2.1875,34.02820962371572,2.1875,13519.92241909229,2.1875,11154.112160582361,4.375,260041.59915658354,1.875,390,shake
47.9985012892809,2.1875,227.74333544236478,2.1875,24.861649911776045,1.875,22279.661822734015,1.875,7788.585407415041,1.25,160964.91526829696,2.1875,391,shake
58.560259517802834,2.1875,273.68323646884676,1.875,1.087360526065774,2.8125,14048.25255691928,4.375,2274.5267342855013,1.5625,206265.67977536994,1.875,392,shake
62.81068210936405,1.875,328.0829393281786,2.1875,10.910658305277847,2.5,19440.23736659782,4.375,8340.705197020721,5.0,160118.48266947718,2.1875,393,shake
67.31874999598323,1.875,335.30046016262173,1.875,1.5680981820986097,1.5625,6550.491159290174,3.75,2356.777135214946,3.75,222638.9250254087,2.1875,394,shake
80.61492977287924,2.5,305.61708812158304,2.5,7.935394353258913,2.1875,15973.261164009753,2.1875,6287.203903500823,2.5,145964.58831468044,2.5,395,shake
77.17539125196285,1.875,287.41381787691273,2.1875,8.032301921797524,1.5625,14090.6043494895,2.1875,4262.4094380009055,3.4375,180440.84754921685,2.1875,396,shake
167.00280746777483,1.875,364.9419400906452,2.1875,10.165658308039427,4.0625,11865.769385203499,1.25,4706.214991016294,3.4375,294689.5019258268,1.875,397,shake
122.18023489104722,2.1875,589.8612875196666,1.875,3.943748985343711,0.9375,8758.350721826992,2.1875,5105.9733115150275,1.875,230840.64091728145,1.875,398,shake
77.25364329374831,2.1875,273.80879453897677,2.5,14.79189862683503,2.1875,22603.649574860556,2.5,2662.433797366535,4.0625,177178.30096512355,2.1875,399,shake
37.0659595445308,2.5,258.46346075668134,2.5,11.924162855983194,2.5,5997.899369786407,2.5,2669.3850739858435,2.5,142606.780107688,2.5,400,shake
45.61360378077321,2.1875,307.7427249784207,2.1875,2.3817356843308857,1.25,16659.287588241405,2.1875,2134.8248644497908,3.75,109267.59813187172,2.1875,401,shake
62.58187944535801,1.875,281.1605816616284,1.875,8.908762738913262,5.0,13817.4872971099,1.875,1152.7563650588609,2.5,183552.84073641204,1.875,402,shake
83.35904286135579,2.1875,264.1015921746756,2.1875,10.73217269795449,1.875,12868.293196434795,2.1875,1766.809907074639,3.4375,139948.81483781541,2.1875,403,shake
88.84986895779365,2.5,347.155931348216,2.5,24.126299832673816,3.125,15880.63824222419,2.5,2513.4999078733686,3.125,120784.39628707457,2.5,404,shake
119.44484426010641,2.1875,346.00066893821054,2.1875,3.9367283578601096,4.0625,9570.098476052426,2.1875,4501.7809554892465,1.875,187467.45947620698,1.875,405,shake
152.34424593688328,1.875,519.3802645957188,1.875,8.853423237801415,4.0625,16297.04760206656,3.75,11978.781937600685,1.875,231361.7393548274,1.875,406,shake
98.98637600711893,2.1875,242.53665673860885,2.1875,21.174280447333373,1.875,17034.72970282719,1.875,3263.543641794806,1.875,186805.0044597561,2.1875,407,shake
115.0229797684975,2.5,258.1969482832089,2.5,1.970379709905216,2.1875,8085.279936052833,5.0,4538.269828625585,1.5625,160776.49620029842,2.5,408,shake
40.582553649039035,2.1875,247.30636945616547,2.1875,1.9306777493284897,1.875,5500.043545870147,2.1875,580.4953484093026,1.5625,143234.45749915976,2.1875,409,shake
40.35966033734901,2.1875,372.12030516320027,2.1875,4.1245697439821125,4.375,9173.000681877602,1.875,3006.1891051855787,1.5625,131760.25064409882,2.1875,410,shake
34.069036962899084,2.1875,300.45033702998705,2.1875,12.955197099932885,2.1875,6835.182141798237,2.5,1536.2261502949657,2.1875,93589.47527811628,2.1875,411,shake
46.24760734565368,2.1875,317.5337925218572,2.1875,9.014514546265922,2.5,14171.882961769852,4.6875,2281.930547051642,2.1875,112793.1827878168,2.1875,412,shake
76.75729574129274,2.1875,252.221998920514,2.1875,9.457297553513532,2.1875,13217.050883246453,4.0625,3912.6612202033834,3.125,160819.34094880047,2.1875,413,shake
60.537800397082115,2.1875,276.079650192588,2.1875,14.621890790045597,2.1875,11912.006619078256,2.1875,2181.0645982260526,5.0,164891.9654015499,2.1875,414,shake
39.93495424993998,2.1875,308.40931200175316,2.1875,9.042937933180472,2.1875,12490.661904990046,5.0,4249.130864747238,5.0,103224.17270341147,2.1875,415,shake
45.487925156535894,2.5,267.7237271747483,2.5,20.095777782266442,2.5,10638.655365042549,2.1875,4023.015930463678,2.1875,127899.3628111883,2.5,416,shake
56.15513720475489,2.5,419.2790295652815,2.5,10.339748536044885,2.1875,21704.03216197916,2.8125,7802.602448499959,2.8125,96966.07548051215,2.5,417,shake
45.71628004809915,2.1875,287.9905671420491,2.1875,10.0511936692597,2.1875,15236.652772808566,2.5,1168.3457850782197,3.4375,144363.81894756085,2.1875,418,shake
63.17476497492682,2.1875,341.87755576657315,2.1875,7.291029980346293,2.1875,15552.102734862718,2.5,3496.96097395306,2.8125,132691.2034493841,2.1875,419,shake
49.84096801405939,2.1875,288.0170736590799,2.1875,9.206622072322117,1.875,22011.559372484364,2.8125,1395.305960238201,3.75,119123.58171844736,2.1875,420,shake
66.95947423593111,2.1875,304.6126190791362,2.1875,26.255584964774123,2.5,12998.176238867982,2.1875,4030.7201560644075,2.8125,176025.73684481,2.1875,421,shake
48.9506409074281,2.1875,227.10910168299813,2.1875,5.52967430477824,1.875,4720.54033828073,2.1875,534.862249027578,2.8125,189854.067553505,2.1875,422,shake
48.693151175182855,2.1875,376.66762516474734,2.1875,13.820788439671627,2.8125,4692.945498217556,2.1875,11340.411110178711,2.5,149734.4707393814,2.1875,423,shake
120.84863262750267,2.1875,527.4696521613955,2.1875,16.699408946827344,3.4375,14068.074708568818,4.6875,7671.415006404327,2.5,184009.32947217202,2.1875,424,shake
107.8213683215652,2.1875,452.3080223798813,2.1875,41.640987866168224,1.875,10763.879181348739,2.8125,8522.887959697571,2.8125,209756.7948964275,1.875,425,shake
68.70777496443358,2.1875,359.8882882845009,2.1875,3.6847447730765497,2.5,13907.115671790007,5.0,1860.3160612441493,1.5625,164470.42517551407,2.1875,426,shake
57.87819719113924,2.1875,275.52733981298456,2.1875,45.618973698541886,2.1875,10775.582537406624,2.1875,13925.684071869175,2.1875,141968.2019866838,2.1875,427,shake
91.4485767998487,2.1875,316.6094432442219,2.5,8.82795242200505,2.5,11342.58209227104,5.0,2444.647476708484,3.75,152485.34646896712,2.1875,428,shake
141.66391006709836,2.1875,275.96795257007005,2.1875,20.41338100749586,2.5,7258.74558364898,1.5625,2492.259631162233,3.125,180748.01496632877,2.1875,429,shake
103.24098680941346,2.1875,246.73209808126552,2.1875,7.38351596486069,2.1875,6913.103722324789,2.1875,1702.1055280716098,4.0625,141162.89263899205,2.1875,430,shake
126.85465340452936,2.1875,297.5160058722131,2.1875,30.353313952144504,2.5,15450.730129331483,2.1875,2509.6665480630636,2.1875,189268.87385829265,2.1875,431,shake
141.23696022427362,2.1875,375.65110871552884,2.5,6.639677366792036,2.1875,23631.64631672293,2.5,8495.224656080389,5.0,126818.92926480917,2.1875,432,shake
77.13898018084531,2.1875,320.66435941951175,2.5,13.55036949508492,2.1875,22655.138902011207,2.5,8355.709459111458,5.0,117475.5104960723,2.1875,433,shake
73.73415965744374,2.1875,212.17890965879354,2.1875,8.882085497419475,2.5,8999.35480653279,1.875,2527.4998937230666,1.5625,157524.15463716522,2.5,434,shake
70.59103163950556,2.1875,233.3176183349538,2.1875,23.134183766682142,2.1875,11900.868254010753,5.0,11898.959112761604,2.5,113875.77356425658,2.1875,435,shake
93.79288793497078,2.1875,335.43510344252877,2.1875,12.062822682916483,2.1875,24030.878587814244,1.875,2745.7022066335103,5.0,189619.73338517008,2.1875,436,shake
120.23667807044532,2.5,312.79599422714296,2.5,28.506879030047102,2.8125,8470.76219224732,2.1875,2379.2375027309095,1.5625,177143.5932476185,2.5,437,shake
76.6513719969123,2.1875,332.2851712222054,2.1875,12.73905641127319,4.6875,11081.122976250275,2.1875,2276.3524410371406,2.5,142799.30602863012,2.5,438,shake
92.57290164016527,2.1875,142.01108774540583,1.875,1.2860778076068085,5.0,12952.449709801747,4.0625,2996.0962838980126,3.75,183900.688138229,1.875,439,shake
58.05622948842187,2.5,296.576066949469,2.5,15.280180445257056,2.8125,4045.731856457836,2.8125,2155.1406185151127,2.8125,158297.79668142946,2.5,440,shake
131.93801451612615,2.5,408.55104926677006,2.5,31.401954269843102,2.5,5591.452119347118,4.6875,8940.794774834781,2.1875,164796.66013535077,2.1875,441,shake
65.98831246681551,2.1875,270.86919573009413,2.1875,3.3327067169658933,1.875,5947.119928390868,2.1875,6497.9987527829235,2.8125,163876.97883677293,2.1875,442,shake
56.20348750633185,2.1875,247.55391573728932,2.1875,9.772909223659694,2.1875,11463.595961955614,1.875,1489.5576798548775,3.125,165983.9737449634,2.5,443,shake
67.2205491651272,2.1875,337.7652466381716,2.1875,14.77361267381937,2.1875,20876.658066232198,2.5,3547.2512811252877,4.0625,194058.1512363089,2.1875,444,shake
77.48626854711364,2.1875,246.11454109542223,2.1875,14.307436936823036,2.5,7957.681877688927,3.75,5731.884901999829,3.75,169328.91085703135,2.1875,445,shake
96.49702476880417,2.1875,448.88904604359436,2.5,12.289380781634796,2.5,27260.212357847427,5.0,9870.009824046412,4.0625,150804.419678371,2.5,446,shake
82.54439851030124,2.5,235.2441786611059,2.5,15.860841773844879,3.75,8255.92764492819,2.1875,1886.9936732642193,5.0,155095.18404351352,2.1875,447,shake
50.32086126204462,2.5,208.09598447698986,2.1875,5.366489284962106,2.5,5689.533463598531,2.1875,2248.9021369210323,3.4375,135948.49122794424,2.5,448,shake
85.58626855879056,2.1875,450.4142719519259,2.1875,20.593290483001287,2.5,18730.674777234948,5.0,16634.092789271428,3.125,242484.75733392892,2.1875,449,shake
68.75979888332783,2.5,391.5038721463888,2.5,10.822062948100733,1.5625,11327.136627603662,2.8125,971.2352599802855,2.1875,117649.15862432771,2.5,450,shake
74.92559809446244,2.1875,271.1502856345923,2.1875,25.244717608789912,2.8125,9243.017012160237,3.125,4158.068176946472,3.125,167356.72904295736,2.5,451,shake
217.358160011545,2.1875,332.03091028831517,2.1875,8.88876222139626,2.5,10733.90026260113,4.0625,8038.5746393375575,3.4375,167621.87596304133,2.1875,452,shake
101.90764178075811,2.1875,259.85820024381906,2.1875,3.965091339831812,5.0,4105.068660018251,2.5,7661.5882028523065,2.1875,119813.41173485518,2.1875,453,shake
103.26135520828711,2.5,396.8746515669449,2.5,30.8472737378053,2.5,21955.63819195097,2.5,4227.440191588331,2.1875,245224.55985948676,2.5,454,shake
112.11905395327015,2.1875,315.66352232607846,2.1875,48.43381632995829,2.5,22796.20527636479,2.1875,4236.2824842578575,2.8125,186101.23074520202,2.1875,455,shake
99.76625238482035,2.1875,266.368465059898,2.1875,24.347350738867828,2.5,12459.410365802374,2.5,8341.822675616857,2.5,196307.91218471367,2.1875,456,shake
78.64754494170027,2.1875,283.9764670306976,2.5,10.833236031018128,2.5,10743.957410505158,2.5,4517.178957826307,2.5,212310.58851242208,2.5,457,shake
